Relative Time (ms),Temperature (C),Humdity (%),Pressure (hPa),Next Hour Temperature (C)
213489,16.38,25.23,996.4,19.43
223489,16.19,24.83,996.4,19.6
233489,15.95,25.07,996.3,19.82
243489,15.86,25.71,996.4,20.09
253489,15.87,25.38,996.4,20.27
263489,15.87,25.42,996.4,20.38
273489,15.81,25.4,996.4,20.43
283489,15.77,25.3,996.4,20.28
293489,15.63,25.26,996.4,20.03
303489,15.57,25.17,996.4,19.75
313489,15.56,25.29,996.3,19.61
323489,15.57,25.46,996.4,19.58
333489,15.48,25.38,996.3,19.42
343489,15.34,25.29,996.3,19.39
353489,15.38,25.26,996.3,19.25
363489,15.49,25.39,996.3,19.28
373489,15.56,25.42,996.3,19.1
383489,15.7,25.74,996.3,19.02
393489,15.75,25.57,996.4,18.86
403489,15.7,25.74,996.4,18.9
413489,15.68,25.25,996.4,18.79
423489,15.7,25.32,996.3,18.63
433489,15.6,24.82,996.4,18.7
443489,15.59,24.94,996.4,18.69
453489,15.61,25.2,996.4,18.67
463489,15.61,25.12,996.4,18.7
473489,15.64,25.54,996.3,18.79
483489,15.7,25.21,996.3,18.86
493489,15.77,25.38,996.3,18.92
503489,15.79,24.82,996.3,19.02
513489,15.7,24.8,996.2,19.24
523489,15.68,24.82,996.3,19.42
533489,15.76,24.94,996.3,19.55
543489,15.84,25.33,996.2,19.69
553489,15.92,25.2,996.3,19.68
563489,15.92,25.07,996.3,19.72
573489,15.92,25.17,996.3,19.75
583489,15.9,24.65,996.3,19.8
593489,15.79,24.51,996.3,19.68
603489,15.66,25.02,996.3,19.55
613489,15.64,24.99,996.3,19.6
623489,15.6,24.89,996.3,19.55
633489,15.57,25.06,996.3,19.51
643489,15.61,25.08,996.4,19.47
653489,15.61,25.17,996.3,19.46
663489,15.63,25.03,996.3,19.4
673489,15.63,24.89,996.3,19.37
683489,15.53,24.71,996.3,19.43
693489,15.55,25.15,996.4,19.51
703489,15.53,25.17,996.4,19.64
713489,15.55,25.08,996.4,19.64
723489,15.66,25.65,996.4,19.64
733489,15.64,24.96,996.4,19.84
743489,15.59,24.85,996.4,19.79
753489,15.55,24.73,996.4,19.87
763489,15.52,24.93,996.5,19.84
773489,15.53,25.17,996.5,19.75
783489,15.52,25.23,996.5,19.79
793489,15.53,25.23,996.5,19.75
803489,15.48,24.7,996.5,19.75
813489,15.43,24.99,996.6,19.66
823489,15.43,24.99,996.6,19.62
833489,15.48,24.99,996.6,19.66
843489,15.43,25.09,996.5,19.83
853489,15.32,24.97,996.5,19.99
863489,15.31,24.74,996.5,20.02
873489,15.3,24.83,996.5,20.06
883489,15.37,24.88,996.5,20
893489,15.41,24.97,996.6,19.83
903489,15.42,25.09,996.6,19.66
913489,15.37,25.2,996.5,19.65
923489,15.41,25.35,996.6,19.48
933489,15.39,25.2,996.5,19.4
943489,15.45,25.26,996.5,19.29
953489,15.42,24.94,996.6,19.21
963489,15.43,25.32,996.5,19.28
973489,15.37,25.28,996.5,19.31
983489,15.34,25.17,996.5,19.25
993489,15.3,25.15,996.6,19.26
1003489,15.3,25.29,996.6,19.32
1013489,15.3,25.26,996.6,19.4
1023489,15.3,24.97,996.6,19.22
1033489,15.31,25.2,996.5,19.13
1043489,15.3,25.42,996.6,19.18
1053489,15.27,25.12,996.5,19.22
1063489,15.27,25.3,996.5,19.28
1073489,15.23,25.43,996.6,19.13
1083489,15.19,25.15,996.5,19.07
1093489,15.14,25.23,996.6,18.84
1103489,15.19,25.17,996.6,18.78
1113489,15.24,25.05,996.6,18.86
1123489,15.27,25.09,996.6,18.75
1133489,15.34,25.08,996.6,18.82
1143489,15.27,25.12,996.6,18.95
1153489,15.2,25.26,996.6,19.04
1163489,15.19,25.31,996.6,19.06
1173489,15.19,25.34,996.6,18.96
1183489,15.17,25.49,996.6,18.86
1193489,15.08,25.28,996.6,18.82
1203489,15.08,25.32,996.6,18.92
1213489,15.09,25.26,996.6,19.1
1223489,15.08,25.52,996.6,19.28
1233489,15.1,25.44,996.6,19.22
1243489,15.09,25.32,996.5,19.21
1253489,15.13,25.08,996.6,19.35
1263489,15.23,25.07,996.6,19.37
1273489,15.26,25.17,996.6,19.32
1283489,15.3,25.23,996.5,19.39
1293489,15.28,24.92,996.6,19.46
1303489,15.31,24.85,996.6,19.33
1313489,15.24,24.8,996.7,19.42
1323489,15.24,25.02,996.6,19.51
1333489,15.26,25.35,996.6,19.58
1343489,15.27,24.97,996.6,19.69
1353489,15.23,24.97,996.6,19.66
1363489,15.19,24.94,996.7,19.53
1373489,15.2,25.03,996.6,19.44
1383489,15.24,24.75,996.5,19.47
1393489,15.21,24.63,996.6,19.6
1403489,15.21,24.63,996.5,19.64
1413489,15.24,24.54,996.5,19.61
1423489,15.3,24.53,996.5,19.54
1433489,15.32,24.59,996.5,19.51
1443489,15.31,24.59,996.5,19.61
1453489,15.26,24.44,996.5,19.58
1463489,15.2,24.77,996.5,19.62
1473489,15.21,24.39,996.5,19.61
1483489,15.26,24.48,996.5,19.5
1493489,15.27,24.63,996.5,19.44
1503489,15.41,24.52,996.5,19.53
1513489,15.31,24.38,996.5,19.43
1523489,15.32,24.74,996.5,19.37
1533489,15.38,24.71,996.5,19.28
1543489,15.43,24.85,996.5,19.08
1553489,15.48,24.51,996.4,18.96
1563489,15.48,24.54,996.4,18.81
1573489,15.52,24.53,996.5,18.75
1583489,15.56,24.62,996.4,18.72
1593489,15.63,24.48,996.4,18.72
1603489,15.66,24.41,996.5,18.69
1613489,15.66,24.27,996.4,18.75
1623489,15.67,24.22,996.4,18.88
1633489,15.66,24.11,996.5,18.92
1643489,15.56,24.4,996.5,18.95
1653489,15.64,24.77,996.4,19.03
1663489,15.59,24.39,996.5,18.99
1673489,15.57,24.28,996.5,18.96
1683489,15.59,23.91,996.4,19
1693489,15.7,23.9,996.4,19.03
1703489,15.72,24.01,996.5,18.99
1713489,15.86,23.93,996.5,19
1723489,15.86,24.1,996.5,19.06
1733489,15.84,24.08,996.5,19.17
1743489,15.86,24.28,996.5,19.24
1753489,15.86,24.45,996.5,19.37
1763489,15.87,24.26,996.5,19.46
1773489,15.77,24.13,996.5,19.55
1783489,15.64,23.8,996.5,19.53
1793489,15.64,23.82,996.5,19.54
1803489,15.63,23.96,996.5,19.46
1813489,15.76,23.94,996.4,19.39
1823489,15.81,24.01,996.5,19.47
1833489,15.76,24.07,996.4,19.57
1843489,15.79,24.25,996.4,19.44
1853489,15.79,23.95,996.4,19.43
1863489,15.83,23.87,996.4,19.29
1873489,15.92,23.95,996.4,19.14
1883489,15.95,23.7,996.3,19.17
1893489,16.04,23.64,996.4,19.17
1903489,16.12,23.48,996.4,19.13
1913489,16.16,23.38,996.3,19.15
1923489,16.28,23.38,996.3,19.17
1933489,16.38,23.34,996.3,19.1
1943489,16.45,23.22,996.3,19.15
1953489,16.51,23.52,996.3,19.22
1963489,16.67,23.61,996.3,19.21
1973489,16.69,23.47,996.3,19.25
1983489,16.68,22.99,996.3,19.22
1993489,16.64,23.05,996.3,19.19
2003489,16.6,23,996.3,19.18
2013489,16.64,22.99,996.3,19.26
2023489,16.62,22.9,996.3,19.35
2033489,16.46,22.83,996.4,19.25
2043489,16.39,23.01,996.4,19.25
2053489,16.38,23.17,996.4,19.25
2063489,16.37,23.58,996.4,19.31
2073489,16.41,23.66,996.4,19.25
2083489,16.37,23.23,996.4,19.28
2093489,16.26,23.28,996.5,19.17
2103489,16.12,23.34,996.4,19.18
2113489,16.06,23.61,996.4,19.18
2123489,16.09,23.91,996.5,19.18
2133489,16.06,23.61,996.5,19.13
2143489,16.08,23.62,996.4,19.1
2153489,16.12,23.82,996.5,19.15
2163489,16.15,23.9,996.5,19.17
2173489,16.12,24.12,996.5,19.21
2183489,16.17,23.79,996.5,19.15
2193489,16.26,23.51,996.6,19.04
2203489,16.38,23.45,996.6,18.88
2213489,16.44,23.26,996.6,18.82
2223489,16.34,23.56,996.6,18.86
2233489,16.45,23.53,996.6,18.86
2243489,16.56,23.15,996.6,18.96
2253489,16.46,23.03,996.6,19
2263489,16.33,23.59,996.6,19.1
2273489,16.23,23.79,996.7,19.03
2283489,16.2,23.66,996.6,19.1
2293489,16.12,23.68,996.6,19.14
2303489,16.16,23.56,996.7,19.08
2313489,16.19,23.43,996.7,19.07
2323489,16.22,23.62,996.7,19.07
2333489,16.12,23.2,996.7,19.14
2343489,16.08,23.37,996.7,19.18
2353489,16.1,23.4,996.7,19.25
2363489,16.15,23.48,996.7,19.26
2373489,16.15,23.5,996.7,19.35
2383489,16.2,23.72,996.7,19.44
2393489,16.26,23.66,996.7,19.39
2403489,16.38,23.65,996.7,19.32
2413489,16.38,23.08,996.7,19.33
2423489,16.28,23.26,996.6,19.36
2433489,16.34,23.52,996.7,19.42
2443489,16.39,23.2,996.6,19.29
2453489,16.49,22.98,996.6,19.26
2463489,16.63,22.81,996.6,19.26
2473489,16.63,23.03,996.6,19.29
2483489,16.63,22.93,996.6,19.17
2493489,16.6,22.56,996.6,19.11
2503489,16.71,22.64,996.6,19.04
2513489,16.75,22.47,996.6,19
2523489,16.72,22.47,996.6,18.9
2533489,16.63,22.52,996.5,18.86
2543489,16.74,22.47,996.6,18.77
2553489,16.76,22.42,996.5,18.66
2563489,16.79,22.47,996.5,18.67
2573489,16.89,22.56,996.6,18.7
2583489,16.93,22.68,996.6,18.67
2593489,17.13,22.74,996.6,18.7
2603489,17.1,22.44,996.6,18.78
2613489,17,22.48,996.6,18.84
2623489,17.01,21.97,996.6,18.84
2633489,16.97,22.25,996.5,18.88
2643489,16.96,22.18,996.5,18.89
2653489,17.03,22.35,996.6,18.89
2663489,17.03,22.21,996.6,18.88
2673489,17.03,22.39,996.6,18.9
2683489,16.97,22.52,996.5,18.9
2693489,16.99,22.35,996.5,18.88
2703489,17.11,22.34,996.5,18.89
2713489,17.23,22.24,996.4,18.88
2723489,17.35,22.12,996.5,18.88
2733489,17.49,22.08,996.5,18.84
2743489,17.56,21.66,996.5,18.9
2753489,17.63,21.62,996.5,18.84
2763489,17.75,21.87,996.5,18.65
2773489,17.79,21.76,996.5,18.5
2783489,17.74,21.48,996.5,18.47
2793489,17.71,21.55,996.5,18.44
2803489,17.67,21.37,996.6,18.47
2813489,17.7,21.51,996.6,18.47
2823489,17.82,21.62,996.6,18.47
2833489,17.89,21.72,996.6,18.51
2843489,17.96,21.59,996.6,18.48
2853489,17.99,21.68,996.6,18.46
2863489,18.06,21.57,996.6,18.43
2873489,18.11,21.53,996.7,18.4
2883489,18.14,21.46,996.6,18.3
2893489,18.14,21.28,996.7,18.21
2903489,18.1,21.25,996.6,18.17
2913489,18.06,21.41,996.6,18.18
2923489,18.06,21.43,996.5,18.19
2933489,17.92,21.08,996.5,18.24
2943489,17.92,21.47,996.5,18.28
2953489,18,21.11,996.5,18.29
2963489,17.96,21.11,996.5,18.33
2973489,18.03,21.01,996.5,18.36
2983489,18.01,21.31,996.4,18.33
2993489,18,21.48,996.5,18.33
3003489,17.99,21.28,996.5,18.33
3013489,17.99,21.28,996.4,18.28
3023489,17.9,21.31,996.4,18.26
3033489,17.92,21.59,996.4,18.25
3043489,18.08,21.28,996.4,18.25
3053489,18.26,21.01,996.4,18.24
3063489,18.41,20.93,996.3,18.21
3073489,18.54,20.93,996.3,18.22
3083489,18.48,21.08,996.4,18.19
3093489,18.63,20.99,996.3,18.22
3103489,18.62,20.58,996.3,18.26
3113489,18.56,20.8,996.3,18.22
3123489,18.6,20.84,996.3,18.19
3133489,18.72,20.83,996.3,18.18
3143489,18.72,20.65,996.3,18.19
3153489,18.66,20.75,996.4,18.17
3163489,18.47,20.65,996.3,18.14
3173489,18.39,20.87,996.3,18.15
3183489,18.3,20.63,996.4,18.11
3193489,18.37,20.63,996.3,18.06
3203489,18.47,20.72,996.4,17.99
3213489,18.66,20.52,996.4,17.9
3223489,18.6,20.59,996.4,17.85
3233489,18.58,20.94,996.4,17.77
3243489,18.5,20.83,996.4,17.75
3253489,18.48,20.75,996.4,17.78
3263489,18.4,21.08,996.4,17.81
3273489,18.32,21.15,996.4,17.78
3283489,18.15,20.8,996.3,17.81
3293489,18.14,20.98,996.4,17.85
3303489,18.1,21.08,996.4,17.89
3313489,17.96,21.37,996.4,17.92
3323489,17.93,21.39,996.4,17.92
3333489,17.93,21.41,996.4,17.92
3343489,18.06,21.3,996.3,17.9
3353489,18.1,21.51,996.3,17.93
3363489,18.12,21.33,996.3,17.93
3373489,18.07,21.33,996.4,17.96
3383489,18.06,21.53,996.3,17.96
3393489,18.06,21.24,996.3,17.97
3403489,17.99,21.73,996.4,18.04
3413489,17.86,21.31,996.4,18.06
3423489,17.78,21.57,996.4,18.11
3433489,17.71,21.51,996.4,18.08
3443489,17.66,21.76,996.4,18.15
3453489,17.6,21.72,996.4,18.15
3463489,17.78,21.5,996.4,18.14
3473489,17.86,21.4,996.4,18.08
3483489,17.88,21.83,996.5,18.03
3493489,17.82,21.65,996.5,17.96
3503489,17.89,21.66,996.4,18
3513489,17.9,21.41,996.3,18.07
3523489,17.85,21.5,996.4,18.15
3533489,17.92,21.6,996.4,18.19
3543489,17.83,21.39,996.4,18.17
3553489,17.78,21.28,996.4,18.17
3563489,17.83,21.6,996.4,18.18
3573489,17.99,21.69,996.3,18.21
3583489,18.01,21.01,996.3,18.25
3593489,18.07,21.04,996.3,18.25
3603489,18.12,21.1,996.3,18.22
3613489,18.1,20.99,996.3,18.22
3623489,18.19,20.94,996.3,18.22
3633489,18.3,20.94,996.3,18.21
3643489,18.36,20.75,996.3,18.18
3653489,18.5,20.95,996.3,18.11
3663489,18.65,21.01,996.3,18.04
3673489,18.69,20.56,996.3,17.97
3683489,18.69,20.35,996.3,17.99
3693489,18.58,20.34,996.3,18.08
3703489,18.58,20.43,996.4,18.17
3713489,18.66,20.66,996.4,18.21
3723489,18.72,20.78,996.3,18.24
3733489,18.72,20.12,996.3,18.22
3743489,18.78,20.12,996.3,18.28
3753489,18.89,20.07,996.3,18.28
3763489,19.07,19.98,996.3,18.18
3773489,19.13,19.91,996.3,18.08
3783489,19.1,19.98,996.3,18.12
3793489,19.17,19.81,996.3,18.19
3803489,19.26,19.9,996.3,18.24
3813489,19.43,19.62,996.3,18.29
3823489,19.6,19.5,996.3,18.3
3833489,19.82,19.2,996.4,18.25
3843489,20.09,18.82,996.4,18.21
3853489,20.27,18.82,996.4,18.22
3863489,20.38,18.82,996.4,18.18
3873489,20.43,18.77,996.4,18.14
3883489,20.28,18.82,996.4,18.12
3893489,20.03,18.71,996.5,18.15
3903489,19.75,18.93,996.4,18.18
3913489,19.61,19.07,996.4,18.24
3923489,19.58,19.23,996.4,18.28
3933489,19.42,19.22,996.5,18.35
3943489,19.39,19.65,996.5,18.43
3953489,19.25,19.33,996.5,18.47
3963489,19.28,19.53,996.5,18.47
3973489,19.1,19.27,996.6,18.36
3983489,19.02,19.46,996.5,18.28
3993489,18.86,19.58,996.6,18.29
4003489,18.9,19.78,996.6,18.25
4013489,18.79,19.56,996.5,18.19
4023489,18.63,19.74,996.6,18.03
4033489,18.7,19.8,996.5,17.96
4043489,18.69,19.95,996.5,17.88
4053489,18.67,20.16,996.6,17.85
4063489,18.7,20.15,996.6,17.82
4073489,18.79,20.19,996.6,17.77
4083489,18.86,20.19,996.5,17.78
4093489,18.92,19.72,996.6,17.81
4103489,19.02,19.58,996.6,17.82
4113489,19.24,19.47,996.5,17.86
4123489,19.42,19.5,996.5,17.92
4133489,19.55,19.35,996.6,17.96
4143489,19.69,19.39,996.5,17.88
4153489,19.68,19.26,996.5,17.83
4163489,19.72,19.17,996.5,17.79
4173489,19.75,19.03,996.5,17.64
4183489,19.8,19.18,996.5,17.46
4193489,19.68,19.14,996.5,17.4
4203489,19.55,19.07,996.5,17.46
4213489,19.6,19.15,996.5,17.48
4223489,19.55,19.17,996.5,17.38
4233489,19.51,19.27,996.5,17.17
4243489,19.47,19.12,996.5,16.99
4253489,19.46,19.32,996.5,16.94
4263489,19.4,19.2,996.5,16.93
4273489,19.37,19.38,996.5,16.92
4283489,19.43,19.27,996.5,16.9
4293489,19.51,19.22,996.6,16.9
4303489,19.64,19.09,996.5,16.9
4313489,19.64,19.18,996.6,16.79
4323489,19.64,19.36,996.6,16.74
4333489,19.84,19.39,996.6,16.67
4343489,19.79,19.32,996.6,16.64
4353489,19.87,19.74,996.6,16.67
4363489,19.84,19.12,996.6,16.72
4373489,19.75,18.95,996.6,16.72
4383489,19.79,19.09,996.5,16.69
4393489,19.75,18.82,996.5,16.69
4403489,19.75,18.92,996.5,16.82
4413489,19.66,18.77,996.5,16.92
4423489,19.62,18.88,996.5,17
4433489,19.66,18.89,996.5,17
4443489,19.83,18.74,996.5,17.05
4453489,19.99,18.74,996.5,17.03
4463489,20.02,18.97,996.5,17.1
4473489,20.06,19.14,996.5,17.2
4483489,20,19,996.5,17.24
4493489,19.83,19.09,996.5,17.24
4503489,19.66,19.65,996.6,17.11
4513489,19.65,19.66,996.6,17.08
4523489,19.48,19.82,996.5,17.1
4533489,19.4,20.15,996.6,17.16
4543489,19.29,20.2,996.6,17.22
4553489,19.21,19.88,996.6,17.29
4563489,19.28,19.92,996.6,17.35
4573489,19.31,20.13,996.6,17.42
4583489,19.25,19.88,996.6,17.42
4593489,19.26,20.09,996.6,17.4
4603489,19.32,20.04,996.6,17.38
4613489,19.4,19.99,996.6,17.37
4623489,19.22,20.31,996.6,17.27
4633489,19.13,20.15,996.6,17.22
4643489,19.18,19.87,996.6,17.23
4653489,19.22,20.31,996.6,17.24
4663489,19.28,19.94,996.7,17.27
4673489,19.13,19.77,996.7,17.23
4683489,19.07,19.9,996.7,17.19
4693489,18.84,20.13,996.7,17.15
4703489,18.78,20.51,996.7,17.1
4713489,18.86,20.84,996.7,17.08
4723489,18.75,20.86,996.7,17.05
4733489,18.82,20.86,996.7,17.01
4743489,18.95,21.08,996.7,17.05
4753489,19.04,20.48,996.7,17.08
4763489,19.06,20.28,996.7,17.07
4773489,18.96,20.31,996.7,17.03
4783489,18.86,20.34,996.7,17.05
4793489,18.82,20.48,996.8,17.11
4803489,18.92,20.46,996.7,17.13
4813489,19.1,20.56,996.7,17.17
4823489,19.28,20.48,996.7,17.23
4833489,19.22,19.98,996.7,17.29
4843489,19.21,20.31,996.7,17.33
4853489,19.35,20.19,996.7,17.38
4863489,19.37,19.88,996.7,17.45
4873489,19.32,19.82,996.7,17.52
4883489,19.39,19.95,996.7,17.56
4893489,19.46,19.8,996.7,17.56
4903489,19.33,19.74,996.7,17.59
4913489,19.42,19.83,996.7,17.51
4923489,19.51,19.84,996.7,17.38
4933489,19.58,19.89,996.6,17.33
4943489,19.69,19.77,996.7,17.33
4953489,19.66,20.31,996.7,17.34
4963489,19.53,20.07,996.7,17.35
4973489,19.44,19.99,996.7,17.37
4983489,19.47,19.82,996.7,17.33
4993489,19.6,20.01,996.7,17.24
5003489,19.64,20.04,996.7,17.13
5013489,19.61,19.51,996.7,17.03
5023489,19.54,19.7,996.7,17.08
5033489,19.51,19.62,996.7,17.15
5043489,19.61,19.75,996.7,17.2
5053489,19.58,19.72,996.8,17.29
5063489,19.62,19.77,996.8,17.26
5073489,19.61,20.11,996.8,17.29
5083489,19.5,20.12,996.8,17.38
5093489,19.44,20.09,996.8,17.4
5103489,19.53,20.51,996.8,17.33
5113489,19.43,20.3,996.8,17.23
5123489,19.37,20.12,996.9,17.16
5133489,19.28,20.15,996.8,17.16
5143489,19.08,20.17,996.8,17.27
5153489,18.96,20.4,996.8,17.38
5163489,18.81,20.51,996.8,17.49
5173489,18.75,20.65,996.8,17.56
5183489,18.72,20.68,996.9,17.66
5193489,18.72,20.62,996.8,17.71
5203489,18.69,20.66,996.8,17.78
5213489,18.75,20.72,996.8,17.88
5223489,18.88,20.71,996.8,17.96
5233489,18.92,20.72,996.8,17.89
5243489,18.95,20.89,996.8,17.89
5253489,19.03,20.76,996.7,17.92
5263489,18.99,20.57,996.8,17.89
5273489,18.96,20.63,996.7,17.75
5283489,19,20.63,996.7,17.77
5293489,19.03,20.96,996.7,17.81
5303489,18.99,20.68,996.7,17.9
5313489,19,20.63,996.7,17.97
5323489,19.06,20.64,996.7,18.1
5333489,19.17,20.57,996.7,18.17
5343489,19.24,20.42,996.7,18.39
5353489,19.37,20.48,996.7,18.59
5363489,19.46,20.49,996.7,18.77
5373489,19.55,20.45,996.7,18.89
5383489,19.53,20.43,996.7,18.93
5393489,19.54,20.6,996.7,18.97
5403489,19.46,20.37,996.8,19.02
5413489,19.39,20.57,996.8,19
5423489,19.47,20.25,996.8,19.07
5433489,19.57,20.27,996.8,19.08
5443489,19.44,20.28,996.8,19.08
5453489,19.43,20.36,996.8,18.96
5463489,19.29,20.68,996.9,18.86
5473489,19.14,20.46,996.9,18.78
5483489,19.17,20.43,996.8,18.79
5493489,19.17,20.65,996.9,18.74
5503489,19.13,20.81,996.9,18.79
5513489,19.15,20.71,996.9,18.85
5523489,19.17,20.83,996.9,18.97
5533489,19.1,20.94,996.9,18.95
5543489,19.15,20.75,996.9,18.84
5553489,19.22,20.75,996.9,18.84
5563489,19.21,20.91,996.9,18.88
5573489,19.25,20.76,996.9,18.93
5583489,19.22,20.8,996.9,18.88
5593489,19.19,20.78,997,18.82
5603489,19.18,20.75,996.9,18.74
5613489,19.26,20.72,996.9,18.72
5623489,19.35,20.83,996.9,18.74
5633489,19.25,21.1,996.9,18.74
5643489,19.25,20.76,996.9,18.74
5653489,19.25,20.76,996.9,18.75
5663489,19.31,21.08,996.9,18.72
5673489,19.25,20.9,997,18.62
5683489,19.28,20.94,997,18.63
5693489,19.17,20.87,996.9,18.6
5703489,19.18,20.91,997,18.69
5713489,19.18,20.95,997,18.65
5723489,19.18,21.18,997,18.69
5733489,19.13,21.28,996.9,18.69
5743489,19.1,21.36,996.9,18.62
5753489,19.15,21.55,996.9,18.59
5763489,19.17,21.36,996.9,18.43
5773489,19.21,21.39,996.9,18.17
5783489,19.15,21.39,996.9,17.9
5793489,19.04,21.66,996.9,17.88
5803489,18.88,21.89,996.9,17.83
5813489,18.82,21.92,996.9,17.75
5823489,18.86,21.8,996.9,17.81
5833489,18.86,21.62,996.9,17.82
5843489,18.96,21.71,996.9,17.82
5853489,19,21.65,996.9,17.82
5863489,19.1,21.62,996.9,17.78
5873489,19.03,21.56,996.9,17.75
5883489,19.1,21.54,996.9,17.72
5893489,19.14,21.47,996.9,17.59
5903489,19.08,21.48,996.9,17.62
5913489,19.07,21.49,996.9,17.63
5923489,19.07,21.53,996.9,17.63
5933489,19.14,21.63,996.9,17.59
5943489,19.18,21.57,996.9,17.56
5953489,19.25,21.48,996.9,17.41
5963489,19.26,21.56,996.9,17.31
5973489,19.35,21.59,996.9,17.34
5983489,19.44,21.87,996.9,17.33
5993489,19.39,21.71,996.9,17.19
6003489,19.32,21.53,996.9,16.97
6013489,19.33,21.76,996.9,16.85
6023489,19.36,21.72,996.9,16.75
6033489,19.42,21.62,997,16.69
6043489,19.29,21.81,996.9,16.68
6053489,19.26,21.52,997,16.57
6063489,19.26,21.63,997,16.57
6073489,19.29,21.72,997,16.62
6083489,19.17,21.93,997,16.67
6093489,19.11,22,997,16.74
6103489,19.04,22.07,997,16.71
6113489,19,22.3,997,16.67
6123489,18.9,22.85,997,16.72
6133489,18.86,22.64,997,16.82
6143489,18.77,22.75,997,16.85
6153489,18.66,22.76,997.1,16.87
6163489,18.67,22.77,997.1,16.94
6173489,18.7,22.76,997.1,16.96
6183489,18.67,22.74,997,17.01
6193489,18.7,22.72,997,17.07
6203489,18.78,22.73,997.1,17.11
6213489,18.84,22.73,997,17.1
6223489,18.84,22.77,997.1,17.01
6233489,18.88,22.68,997.1,17.03
6243489,18.89,22.66,997.1,16.99
6253489,18.89,22.69,997.1,16.92
6263489,18.88,22.63,997.1,16.93
6273489,18.9,22.77,997.1,16.93
6283489,18.9,22.73,997.1,16.96
6293489,18.88,22.81,997.1,16.97
6303489,18.89,22.81,997.1,17
6313489,18.88,22.68,997.1,17.04
6323489,18.88,22.69,997.1,17.11
6333489,18.84,22.71,997.1,17.11
6343489,18.9,22.79,997.2,17.13
6353489,18.84,23.11,997.1,17.19
6363489,18.65,23.4,997.1,17.16
6373489,18.5,23.32,997.1,17.19
6383489,18.47,23.27,997.1,17.22
6393489,18.44,23.58,997,17.2
6403489,18.47,23.73,997,17.08
6413489,18.47,23.58,997.1,16.87
6423489,18.47,23.41,997.1,16.83
6433489,18.51,23.61,997.1,16.74
6443489,18.48,23.51,997.1,16.71
6453489,18.46,23.25,997.1,16.69
6463489,18.43,23.32,997.1,16.71
6473489,18.4,23.69,997.1,16.68
6483489,18.3,24.08,997.1,16.62
6493489,18.21,24.35,997.1,16.62
6503489,18.17,24.33,997.1,16.63
6513489,18.18,24.18,997.1,16.64
6523489,18.19,24.18,997.1,16.69
6533489,18.24,23.9,997.1,16.72
6543489,18.28,23.92,997.1,16.74
6553489,18.29,23.79,997.1,16.74
6563489,18.33,23.82,997.1,16.72
6573489,18.36,23.99,997.1,16.68
6583489,18.33,23.91,997.1,16.59
6593489,18.33,23.87,997.1,16.55
6603489,18.33,24.04,997.1,16.53
6613489,18.28,23.96,997.2,16.49
6623489,18.26,24.05,997.2,16.49
6633489,18.25,23.9,997.2,16.48
6643489,18.25,23.58,997.2,16.45
6653489,18.24,23.59,997.2,16.45
6663489,18.21,23.65,997.2,16.42
6673489,18.22,23.7,997.2,16.39
6683489,18.19,23.79,997.2,16.35
6693489,18.22,23.92,997.2,16.33
6703489,18.26,23.87,997.2,16.27
6713489,18.22,24.09,997.2,16.23
6723489,18.19,24.1,997.2,16.26
6733489,18.18,23.96,997.2,16.26
6743489,18.19,24.01,997.2,16.28
6753489,18.17,24.23,997.2,16.28
6763489,18.14,25.05,997.2,16.27
6773489,18.15,24.9,997.2,16.31
6783489,18.11,24.88,997.2,16.37
6793489,18.06,24.68,997.2,16.45
6803489,17.99,25.05,997.2,16.48
6813489,17.9,25.72,997.2,16.46
6823489,17.85,25.89,997.2,16.41
6833489,17.77,26.16,997.2,16.41
6843489,17.75,26.23,997.2,16.46
6853489,17.78,26.29,997.1,16.46
6863489,17.81,26.23,997.2,16.44
6873489,17.78,26.03,997.2,16.41
6883489,17.81,26.03,997.2,16.39
6893489,17.85,25.9,997.2,16.35
6903489,17.89,25.87,997.2,16.3
6913489,17.92,25.86,997.2,16.3
6923489,17.92,25.81,997.2,16.27
6933489,17.92,25.78,997.2,16.31
6943489,17.9,25.8,997.2,16.33
6953489,17.93,25.72,997.2,16.3
6963489,17.93,25.71,997.2,16.28
6973489,17.96,25.65,997.3,16.33
6983489,17.96,25.65,997.3,16.33
6993489,17.97,25.7,997.3,16.33
7003489,18.04,25.74,997.3,16.26
7013489,18.06,25.55,997.3,16.26
7023489,18.11,25.66,997.3,16.23
7033489,18.08,25.6,997.3,16.17
7043489,18.15,25.41,997.3,16.16
7053489,18.15,25.58,997.3,16.1
7063489,18.14,25.34,997.3,16.12
7073489,18.08,25.26,997.3,16.13
7083489,18.03,25.47,997.3,16.16
7093489,17.96,25.43,997.3,16.2
7103489,18,25.57,997.3,16.22
7113489,18.07,25.44,997.3,16.24
7123489,18.15,25.41,997.3,16.27
7133489,18.19,25.32,997.3,16.3
7143489,18.17,25.28,997.3,16.33
7153489,18.17,25.17,997.3,16.27
7163489,18.18,25.15,997.3,16.23
7173489,18.21,25.15,997.3,16.22
7183489,18.25,25.12,997.3,16.2
7193489,18.25,25.1,997.3,16.16
7203489,18.22,25.26,997.3,16.16
7213489,18.22,25.43,997.3,16.16
7223489,18.22,25.45,997.3,16.16
7233489,18.21,25.35,997.3,16.16
7243489,18.18,25.39,997.3,16.13
7253489,18.11,25.6,997.3,16.08
7263489,18.04,25.6,997.3,16.09
7273489,17.97,25.57,997.2,16.12
7283489,17.99,25.45,997.2,16.16
7293489,18.08,25.46,997.2,16.16
7303489,18.17,25.43,997.1,16.19
7313489,18.21,25.47,997.1,16.2
7323489,18.24,25.17,997.2,16.19
7333489,18.22,25.15,997.2,16.2
7343489,18.28,25.14,997.2,16.19
7353489,18.28,25.26,997.2,16.17
7363489,18.18,25.26,997.1,16.16
7373489,18.08,25.38,997.1,16.1
7383489,18.12,25.66,997.1,16.05
7393489,18.19,25.57,997.1,15.99
7403489,18.24,25.43,997.1,15.97
7413489,18.29,25.49,997.1,15.94
7423489,18.3,25.65,997.1,15.94
7433489,18.25,25.75,997.1,15.94
7443489,18.21,26.2,997.1,15.94
7453489,18.22,26.18,997.1,15.94
7463489,18.18,26.03,997.1,15.88
7473489,18.14,26.59,997.1,15.84
7483489,18.12,26.26,997.1,15.81
7493489,18.15,26.54,997.1,15.83
7503489,18.18,26.23,997.1,15.84
7513489,18.24,25.98,997.1,15.86
7523489,18.28,25.95,997.1,15.88
7533489,18.35,25.75,997.1,15.83
7543489,18.43,26.24,997.1,15.8
7553489,18.47,25.74,997.2,15.8
7563489,18.47,25.79,997.2,15.8
7573489,18.36,26.59,997.1,15.79
7583489,18.28,26.79,997.1,15.76
7593489,18.29,26.81,997.2,15.79
7603489,18.25,26.94,997.2,15.81
7613489,18.19,27.23,997.2,15.86
7623489,18.03,28.24,997.2,15.88
7633489,17.96,28.38,997.2,15.92
7643489,17.88,28.6,997.2,15.95
7653489,17.85,28.45,997.3,15.97
7663489,17.82,28.45,997.2,15.97
7673489,17.77,28.54,997.2,15.99
7683489,17.78,28.66,997.2,16.02
7693489,17.81,28.46,997.2,16.01
7703489,17.82,28.49,997.2,15.98
7713489,17.86,28.52,997.2,15.99
7723489,17.92,28.35,997.2,16.01
7733489,17.96,28.4,997.3,16.04
7743489,17.88,28.65,997.3,15.95
7753489,17.83,28.77,997.3,15.94
7763489,17.79,28.92,997.3,15.92
7773489,17.64,29.35,997.3,15.87
7783489,17.46,29.72,997.3,15.86
7793489,17.4,29.9,997.3,15.84
7803489,17.46,29.95,997.4,15.79
7813489,17.48,29.89,997.4,15.72
7823489,17.38,30.16,997.4,15.68
7833489,17.17,30.85,997.4,15.67
7843489,16.99,31.51,997.4,15.67
7853489,16.94,32.14,997.4,15.72
7863489,16.93,32.12,997.4,15.77
7873489,16.92,32.44,997.4,15.8
7883489,16.9,32.68,997.4,15.81
7893489,16.9,32.64,997.4,15.79
7903489,16.9,32.58,997.5,15.77
7913489,16.79,32.94,997.5,15.76
7923489,16.74,33.15,997.5,15.68
7933489,16.67,33.46,997.5,15.63
7943489,16.64,33.6,997.5,15.59
7953489,16.67,33.62,997.5,15.53
7963489,16.72,33.49,997.5,15.56
7973489,16.72,33.44,997.5,15.53
7983489,16.69,33.75,997.5,15.53
7993489,16.69,33.73,997.5,15.55
8003489,16.82,33.46,997.6,15.55
8013489,16.92,33.36,997.5,15.48
8023489,17,33.15,997.6,15.49
8033489,17,33.11,997.6,15.53
8043489,17.05,33.05,997.6,15.57
8053489,17.03,33.04,997.6,15.63
8063489,17.1,32.9,997.6,15.64
8073489,17.2,32.77,997.7,15.61
8083489,17.24,32.66,997.7,15.61
8093489,17.24,32.7,997.7,15.64
8103489,17.11,32.99,997.7,15.66
8113489,17.08,33.08,997.7,15.7
8123489,17.1,33.05,997.8,15.75
8133489,17.16,33.04,997.7,15.79
8143489,17.22,32.86,997.7,15.79
8153489,17.29,32.75,997.7,15.79
8163489,17.35,32.71,997.7,15.8
8173489,17.42,32.63,997.7,15.81
8183489,17.42,32.59,997.8,15.83
8193489,17.4,32.65,997.7,15.84
8203489,17.38,32.65,997.7,15.83
8213489,17.37,32.71,997.6,15.79
8223489,17.27,32.83,997.7,15.8
8233489,17.22,32.96,997.7,15.8
8243489,17.23,32.99,997.7,15.81
8253489,17.24,32.99,997.7,15.81
8263489,17.27,32.97,997.7,15.83
8273489,17.23,33.12,997.7,15.8
8283489,17.19,33.17,997.7,15.8
8293489,17.15,33.27,997.7,15.84
8303489,17.1,33.29,997.7,15.84
8313489,17.08,33.29,997.7,15.81
8323489,17.05,33.32,997.7,15.77
8333489,17.01,33.55,997.6,15.76
8343489,17.05,33.38,997.6,15.72
8353489,17.08,33.3,997.6,15.76
8363489,17.07,33.44,997.6,15.76
8373489,17.03,33.44,997.6,15.76
8383489,17.05,33.46,997.6,15.76
8393489,17.11,33.54,997.6,15.79
8403489,17.13,33.4,997.6,15.8
8413489,17.17,33.2,997.5,15.81
8423489,17.23,33.21,997.5,15.86
8433489,17.29,33.08,997.5,15.88
8443489,17.33,32.96,997.5,15.9
8453489,17.38,32.9,997.5,15.92
8463489,17.45,32.77,997.5,15.88
8473489,17.52,32.35,997.5,15.83
8483489,17.56,32.6,997.5,15.81
8493489,17.56,32.65,997.6,15.81
8503489,17.59,32.56,997.5,15.81
8513489,17.51,32.86,997.5,15.81
8523489,17.38,32.97,997.5,15.84
8533489,17.33,33.13,997.5,15.86
8543489,17.33,32.93,997.5,15.81
8553489,17.34,32.94,997.5,15.8
8563489,17.35,32.91,997.5,15.77
8573489,17.37,32.88,997.5,15.77
8583489,17.33,33.04,997.5,15.75
8593489,17.24,33.25,997.5,15.76
8603489,17.13,33.44,997.5,15.76
8613489,17.03,33.57,997.5,15.7
8623489,17.08,33.49,997.4,15.66
8633489,17.15,33.42,997.4,15.61
8643489,17.2,33.35,997.4,15.59
8653489,17.29,33.25,997.4,15.57
8663489,17.26,33.38,997.4,15.57
8673489,17.29,33.27,997.4,15.59
8683489,17.38,33.08,997.5,15.61
8693489,17.4,33.25,997.4,15.61
8703489,17.33,33.35,997.5,15.63
8713489,17.23,33.49,997.4,15.57
8723489,17.16,33.6,997.5,15.48
8733489,17.16,33.47,997.5,15.41
8743489,17.27,33.38,997.4,15.39
8753489,17.38,33.08,997.4,15.35
8763489,17.49,32.96,997.4,15.32
8773489,17.56,32.81,997.4,15.27
8783489,17.66,32.58,997.5,15.26
8793489,17.71,32.65,997.4,15.27
8803489,17.78,32.52,997.4,15.26
8813489,17.88,32.41,997.4,15.23
8823489,17.96,32.24,997.4,15.19
8833489,17.89,32.54,997.3,15.19
8843489,17.89,32.36,997.3,15.21
8853489,17.92,32.3,997.3,15.26
8863489,17.89,32.4,997.4,15.27
8873489,17.75,32.6,997.3,15.24
8883489,17.77,32.51,997.3,15.21
8893489,17.81,32.54,997.3,15.21
8903489,17.9,32.41,997.4,15.21
8913489,17.97,32.28,997.3,15.21
8923489,18.1,32.11,997.3,15.21
8933489,18.17,31.97,997.3,15.23
8943489,18.39,31.79,997.2,15.24
8953489,18.59,31.53,997.3,15.19
8963489,18.77,31.22,997.2,15.14
8973489,18.89,30.95,997.3,15.13
8983489,18.93,30.71,997.3,15.13
8993489,18.97,30.6,997.3,15.1
9003489,19.02,30.61,997.3,15.1
9013489,19,30.61,997.3,15.1
9023489,19.07,30.44,997.3,15.12
9033489,19.08,30.38,997.3,15.13
9043489,19.08,30.36,997.4,15.14
9053489,18.96,30.62,997.4,15.17
9063489,18.86,30.61,997.3,15.19
9073489,18.78,30.83,997.3,15.16
9083489,18.79,30.83,997.4,15.13
9093489,18.74,30.83,997.4,15.12
9103489,18.79,30.79,997.4,15.14
9113489,18.85,30.71,997.4,15.16
9123489,18.97,30.61,997.4,15.19
9133489,18.95,30.62,997.4,15.2
9143489,18.84,30.68,997.4,15.09
9153489,18.84,30.8,997.3,15.08
9163489,18.88,30.76,997.4,15.05
9173489,18.93,30.71,997.4,14.98
9183489,18.88,30.68,997.4,14.94
9193489,18.82,30.77,997.4,14.91
9203489,18.74,30.89,997.4,14.9
9213489,18.72,30.87,997.5,14.88
9223489,18.74,30.87,997.5,14.88
9233489,18.74,30.89,997.4,14.87
9243489,18.74,30.83,997.5,14.88
9253489,18.75,30.83,997.5,14.87
9263489,18.72,30.92,997.5,14.88
9273489,18.62,31.1,997.5,14.88
9283489,18.63,31.01,997.5,14.88
9293489,18.6,31.07,997.6,14.84
9303489,18.69,31.16,997.5,14.78
9313489,18.65,31.06,997.6,14.73
9323489,18.69,31.21,997.6,14.69
9333489,18.69,31.1,997.5,14.69
9343489,18.62,31.18,997.6,14.68
9353489,18.59,31.22,997.6,14.68
9363489,18.43,31.46,997.6,14.69
9373489,18.17,31.86,997.6,14.69
9383489,17.9,32.24,997.6,14.76
9393489,17.88,32.35,997.6,14.83
9403489,17.83,32.46,997.7,14.85
9413489,17.75,32.72,997.6,14.91
9423489,17.81,32.65,997.6,14.94
9433489,17.82,32.54,997.6,14.95
9443489,17.82,32.63,997.6,14.94
9453489,17.82,32.77,997.7,14.94
9463489,17.78,32.75,997.6,14.92
9473489,17.75,32.78,997.6,14.85
9483489,17.72,32.89,997.7,14.79
9493489,17.59,33.29,997.7,14.76
9503489,17.62,33.23,997.7,14.75
9513489,17.63,33.17,997.7,14.68
9523489,17.63,33.09,997.7,14.58
9533489,17.59,33.29,997.7,14.5
9543489,17.56,33.43,997.7,14.53
9553489,17.41,33.63,997.7,14.55
9563489,17.31,33.93,997.7,14.5
9573489,17.34,33.73,997.7,14.42
9583489,17.33,33.85,997.7,14.33
9593489,17.19,34.15,997.8,14.31
9603489,16.97,34.5,997.8,14.28
9613489,16.85,34.74,997.7,14.27
9623489,16.75,34.92,997.7,14.23
9633489,16.69,35.1,997.7,14.23
9643489,16.68,35.17,997.7,14.18
9653489,16.57,35.4,997.7,14.17
9663489,16.57,35.36,997.7,14.16
9673489,16.62,35.3,997.7,14.17
9683489,16.67,35.21,997.8,14.18
9693489,16.74,35.14,997.7,14.17
9703489,16.71,35.38,997.7,14.16
9713489,16.67,35.28,997.7,14.14
9723489,16.72,35.19,997.7,14.14
9733489,16.82,35.03,997.7,14.16
9743489,16.85,35.1,997.7,14.13
9753489,16.87,34.98,997.8,14.13
9763489,16.94,35,997.8,14.13
9773489,16.96,34.83,997.7,14.14
9783489,17.01,34.6,997.7,14.14
9793489,17.07,34.69,997.8,14.16
9803489,17.11,34.68,997.8,14.16
9813489,17.1,34.53,997.8,14.16
9823489,17.01,34.83,997.8,14.14
9833489,17.03,34.78,997.8,14.12
9843489,16.99,34.83,997.8,14.09
9853489,16.92,35.09,997.8,14.09
9863489,16.93,34.89,997.8,14.06
9873489,16.93,34.75,997.8,14.05
9883489,16.96,34.73,997.8,13.99
9893489,16.97,34.67,997.8,13.95
9903489,17,34.7,997.8,13.9
9913489,17.04,34.63,997.8,13.91
9923489,17.11,34.62,997.8,13.93
9933489,17.11,34.56,997.8,13.95
9943489,17.13,34.47,997.8,13.91
9953489,17.19,34.2,997.8,13.9
9963489,17.16,34.5,997.8,13.88
9973489,17.19,34.53,997.9,13.84
9983489,17.22,34.42,997.8,13.82
9993489,17.2,34.26,997.8,13.79
10003489,17.08,34.53,997.9,13.76
10013489,16.87,35.06,997.9,13.76
10023489,16.83,35.16,997.9,13.75
10033489,16.74,35.22,997.9,13.76
10043489,16.71,35.3,997.9,13.79
10053489,16.69,35.32,997.9,13.77
10063489,16.71,35.26,997.9,13.77
10073489,16.68,35.44,997.9,13.77
10083489,16.62,35.52,997.9,13.76
10093489,16.62,35.59,998,13.79
10103489,16.63,35.54,998,13.83
10113489,16.64,35.5,998,13.86
10123489,16.69,35.43,997.9,13.9
10133489,16.72,35.43,998,13.96
10143489,16.74,35.4,997.9,13.93
10153489,16.74,35.38,998,13.9
10163489,16.72,35.43,997.9,13.88
10173489,16.68,35.6,997.9,13.9
10183489,16.59,35.72,997.9,13.87
10193489,16.55,35.84,997.9,13.84
10203489,16.53,35.79,997.9,13.84
10213489,16.49,35.88,997.9,13.83
10223489,16.49,35.87,997.9,13.77
10233489,16.48,35.98,998,13.75
10243489,16.45,35.95,997.9,13.77
10253489,16.45,36,997.9,13.77
10263489,16.42,36.14,997.9,13.75
10273489,16.39,36.17,997.9,13.76
10283489,16.35,36.35,997.9,13.79
10293489,16.33,36.33,997.9,13.77
10303489,16.27,36.56,998,13.76
10313489,16.23,36.56,997.9,13.75
10323489,16.26,36.6,997.9,13.72
10333489,16.26,36.52,997.9,13.72
10343489,16.28,36.58,998,13.73
10353489,16.28,36.52,998,13.72
10363489,16.27,36.58,997.9,13.68
10373489,16.31,36.36,997.9,13.68
10383489,16.37,36.32,997.9,13.66
10393489,16.45,36.14,997.9,13.65
10403489,16.48,36.14,997.9,13.66
10413489,16.46,36.17,998,13.68
10423489,16.41,36.3,997.9,13.66
10433489,16.41,36.23,997.9,13.68
10443489,16.46,36.16,997.9,13.69
10453489,16.46,36.28,997.9,13.69
10463489,16.44,36.3,998,13.68
10473489,16.41,36.45,998,13.65
10483489,16.39,36.4,998,13.64
10493489,16.35,36.59,998,13.65
10503489,16.3,36.84,998,13.73
10513489,16.3,36.75,998,13.83
10523489,16.27,36.78,998,13.82
10533489,16.31,36.61,998,13.82
10543489,16.33,36.69,998,13.82
10553489,16.3,36.72,998,13.77
10563489,16.28,36.78,998.1,13.73
10573489,16.33,36.53,998,13.71
10583489,16.33,36.59,998,13.68
10593489,16.33,36.63,998.1,13.69
10603489,16.26,36.81,998.1,13.69
10613489,16.26,36.81,998,13.71
10623489,16.23,36.88,998.1,13.72
10633489,16.17,36.96,998.1,13.77
10643489,16.16,36.96,998,13.9
10653489,16.1,37.04,998.1,13.91
10663489,16.12,37.06,998.1,13.93
10673489,16.13,37.02,998.1,13.91
10683489,16.16,36.88,998.1,13.87
10693489,16.2,36.82,998.1,13.82
10703489,16.22,36.81,998.1,13.77
10713489,16.24,36.83,998.2,13.76
10723489,16.27,36.72,998.1,13.71
10733489,16.3,36.68,998.1,13.68
10743489,16.33,36.55,998.1,13.65
10753489,16.27,36.78,998.1,13.64
10763489,16.23,36.87,998.1,13.58
10773489,16.22,36.94,998.1,13.53
10783489,16.2,36.98,998.1,13.46
10793489,16.16,36.95,998.1,13.43
10803489,16.16,37.04,998.1,13.36
10813489,16.16,36.96,998,13.35
10823489,16.16,37.04,998,13.35
10833489,16.16,36.95,998.1,13.33
10843489,16.13,37.15,998.1,13.36
10853489,16.08,37.26,998.1,13.37
10863489,16.09,37.08,998.1,13.33
10873489,16.12,37.06,998.1,13.35
10883489,16.16,37.06,998.1,13.33
10893489,16.16,36.89,998.1,13.36
10903489,16.19,36.95,998.1,13.37
10913489,16.2,36.89,998.1,13.37
10923489,16.19,36.93,998.1,13.43
10933489,16.2,36.91,998.1,13.46
10943489,16.19,36.89,998.1,13.46
10953489,16.17,36.98,998.1,13.44
10963489,16.16,37.07,998.1,13.44
10973489,16.1,37.31,998.1,13.44
10983489,16.05,37.36,998.1,13.44
10993489,15.99,37.52,998.1,13.41
11003489,15.97,37.5,998.1,13.37
11013489,15.94,37.61,998.1,13.33
11023489,15.94,37.65,998.1,13.35
11033489,15.94,37.67,998.1,13.32
11043489,15.94,37.6,998.1,13.3
11053489,15.94,37.58,998.1,13.3
11063489,15.88,37.9,998.1,13.29
11073489,15.84,37.92,998.1,13.35
11083489,15.81,37.91,998.1,13.36
11093489,15.83,37.89,998.1,13.36
11103489,15.84,37.79,998,13.37
11113489,15.86,37.89,998,13.36
11123489,15.88,37.64,998.1,13.35
11133489,15.83,38.08,998.1,13.37
11143489,15.8,38.12,998.1,13.41
11153489,15.8,38.07,998.1,13.46
11163489,15.8,38.03,998.1,13.51
11173489,15.79,38.15,998.1,13.53
11183489,15.76,38.07,998.1,13.55
11193489,15.79,38,998.1,13.55
11203489,15.81,37.82,998.1,13.55
11213489,15.86,37.82,998.1,13.57
11223489,15.88,37.84,998.1,13.59
11233489,15.92,37.65,998.1,13.62
11243489,15.95,37.72,998.1,13.61
11253489,15.97,37.64,998.1,13.61
11263489,15.97,37.67,998.1,13.64
11273489,15.99,37.53,998.1,13.65
11283489,16.02,37.5,998.1,13.69
11293489,16.01,37.48,998.1,13.73
11303489,15.98,37.68,998.1,13.71
11313489,15.99,37.59,998.1,13.69
11323489,16.01,37.55,998.1,13.69
11333489,16.04,37.42,998.1,13.72
11343489,15.95,37.72,998.1,13.8
11353489,15.94,37.76,998.1,13.84
11363489,15.92,37.81,998.1,13.84
11373489,15.87,38.04,998.1,13.8
11383489,15.86,37.98,998.1,13.79
11393489,15.84,38.08,998.1,13.77
11403489,15.79,38.18,998.2,13.73
11413489,15.72,38.2,998.1,13.73
11423489,15.68,38.31,998.1,13.72
11433489,15.67,38.33,998.2,13.69
11443489,15.67,38.3,998.2,13.69
11453489,15.72,38.18,998.2,13.69
11463489,15.77,38.07,998.2,13.68
11473489,15.8,38.1,998.2,13.68
11483489,15.81,37.99,998.2,13.68
11493489,15.79,38.16,998.2,13.72
11503489,15.77,38.15,998.2,13.71
11513489,15.76,38.18,998.2,13.71
11523489,15.68,38.44,998.2,13.68
11533489,15.63,38.55,998.2,13.64
11543489,15.59,38.6,998.2,13.59
11553489,15.53,38.77,998.2,13.58
11563489,15.56,38.65,998.2,13.55
11573489,15.53,38.74,998.2,13.55
11583489,15.53,38.73,998.2,13.55
11593489,15.55,38.65,998.2,13.57
11603489,15.55,38.74,998.3,13.54
11613489,15.48,38.89,998.3,13.54
11623489,15.49,38.81,998.2,13.51
11633489,15.53,38.63,998.2,13.55
11643489,15.57,38.52,998.3,13.55
11653489,15.63,38.44,998.3,13.54
11663489,15.64,38.5,998.3,13.53
11673489,15.61,38.52,998.3,13.5
11683489,15.61,38.44,998.3,13.47
11693489,15.64,38.48,998.3,13.48
11703489,15.66,38.43,998.3,13.48
11713489,15.7,38.31,998.3,13.51
11723489,15.75,38.07,998.3,13.51
11733489,15.79,38.1,998.3,13.53
11743489,15.79,38.27,998.3,13.46
11753489,15.79,38.23,998.3,13.4
11763489,15.8,37.94,998.3,13.37
11773489,15.81,38.1,998.3,13.36
11783489,15.83,38.03,998.3,13.37
11793489,15.84,37.99,998.3,13.39
11803489,15.83,38.12,998.3,13.39
11813489,15.79,38.28,998.3,13.39
11823489,15.8,38.42,998.4,13.39
11833489,15.8,38.58,998.3,13.39
11843489,15.81,38.54,998.4,13.41
11853489,15.81,38.42,998.4,13.43
11863489,15.83,38.61,998.3,13.44
11873489,15.8,38.52,998.4,13.46
11883489,15.8,38.2,998.4,13.46
11893489,15.84,38.1,998.4,13.46
11903489,15.84,38.07,998.4,13.43
11913489,15.81,38.23,998.4,13.4
11923489,15.77,38.55,998.4,13.39
11933489,15.76,38.55,998.4,13.39
11943489,15.72,38.55,998.5,13.36
11953489,15.76,38.16,998.5,13.35
11963489,15.76,38.22,998.4,13.35
11973489,15.76,38.25,998.5,13.32
11983489,15.76,38.18,998.5,13.32
11993489,15.79,38.11,998.5,13.32
12003489,15.8,38.07,998.5,13.32
12013489,15.81,37.99,998.5,13.33
12023489,15.86,37.79,998.4,13.33
12033489,15.88,37.87,998.5,13.37
12043489,15.9,37.76,998.5,13.39
12053489,15.92,37.83,998.5,13.4
12063489,15.88,38.04,998.5,13.4
12073489,15.83,38.04,998.5,13.4
12083489,15.81,38.12,998.5,13.36
12093489,15.81,38.14,998.5,13.33
12103489,15.81,38.14,998.5,13.32
12113489,15.81,37.94,998.5,13.26
12123489,15.84,37.89,998.5,13.25
12133489,15.86,38.08,998.5,13.22
12143489,15.81,38.3,998.6,13.21
12153489,15.8,37.99,998.5,13.26
12163489,15.77,38.25,998.5,13.32
12173489,15.77,38.11,998.6,13.33
12183489,15.75,37.87,998.6,13.28
12193489,15.76,37.99,998.5,13.24
12203489,15.76,37.84,998.5,13.22
12213489,15.7,38.47,998.6,13.19
12223489,15.66,38.41,998.6,13.18
12233489,15.61,38.57,998.5,13.17
12243489,15.59,38.66,998.6,13.15
12253489,15.57,38.63,998.6,13.14
12263489,15.57,38.65,998.6,13.15
12273489,15.59,38.66,998.6,13.18
12283489,15.61,38.61,998.6,13.18
12293489,15.61,38.55,998.6,13.14
12303489,15.63,38.57,998.6,13.14
12313489,15.57,38.66,998.6,13.1
12323489,15.48,39.46,998.6,13.14
12333489,15.41,39.59,998.6,13.14
12343489,15.39,39.72,998.6,13.14
12353489,15.35,39.82,998.6,13.09
12363489,15.32,39.15,998.6,13.06
12373489,15.27,39.35,998.6,13.06
12383489,15.26,39.49,998.6,13.07
12393489,15.27,39.35,998.6,13.15
12403489,15.26,39.65,998.6,13.19
12413489,15.23,39.75,998.6,13.26
12423489,15.19,39.8,998.6,13.35
12433489,15.19,39.69,998.6,13.4
12443489,15.21,39.59,998.6,13.47
12453489,15.26,39.4,998.5,13.44
12463489,15.27,39.56,998.6,13.41
12473489,15.24,39.64,998.6,13.43
12483489,15.21,39.86,998.5,13.48
12493489,15.21,39.95,998.5,13.5
12503489,15.21,39.58,998.6,13.5
12513489,15.21,39.32,998.6,13.47
12523489,15.21,39.29,998.6,13.46
12533489,15.23,39.3,998.5,13.44
12543489,15.24,39.58,998.6,13.46
12553489,15.19,40.01,998.6,13.43
12563489,15.14,39.98,998.6,13.4
12573489,15.13,40.04,998.5,13.37
12583489,15.13,40.36,998.5,13.37
12593489,15.1,40.39,998.5,13.35
12603489,15.1,40.48,998.6,13.32
12613489,15.1,40.48,998.5,13.3
12623489,15.12,40.25,998.5,13.26
12633489,15.13,40.12,998.5,13.25
12643489,15.14,40.13,998.6,13.22
12653489,15.17,39.87,998.6,13.21
12663489,15.19,40.09,998.5,13.19
12673489,15.16,40.38,998.5,13.18
12683489,15.13,40.32,998.5,13.18
12693489,15.12,40.26,998.6,13.22
12703489,15.14,40.12,998.6,13.28
12713489,15.16,40.13,998.6,13.28
12723489,15.19,40.17,998.6,13.29
12733489,15.2,40.23,998.5,13.26
12743489,15.09,40.64,998.6,13.22
12753489,15.08,40.52,998.6,13.18
12763489,15.05,40.25,998.5,13.06
12773489,14.98,40.84,998.6,12.96
12783489,14.94,40.95,998.6,12.89
12793489,14.91,41,998.5,12.81
12803489,14.9,41,998.5,12.76
12813489,14.88,41.04,998.6,12.72
12823489,14.88,40.55,998.5,12.7
12833489,14.87,39.67,998.5,12.66
12843489,14.88,39.98,998.5,12.65
12853489,14.87,39.74,998.6,12.63
12863489,14.88,39.96,998.5,12.63
12873489,14.88,40.62,998.5,12.62
12883489,14.88,40.73,998.5,12.59
12893489,14.84,40.94,998.6,12.58
12903489,14.78,41.2,998.5,12.58
12913489,14.73,41.31,998.5,12.55
12923489,14.69,41.39,998.5,12.5
12933489,14.69,41.07,998.5,12.43
12943489,14.68,40.86,998.5,12.41
12953489,14.68,41.18,998.5,12.41
12963489,14.69,41.23,998.5,12.41
12973489,14.69,40.91,998.4,12.39
12983489,14.76,40.89,998.5,12.39
12993489,14.83,40.73,998.5,12.37
13003489,14.85,40.49,998.5,12.37
13013489,14.91,40.44,998.5,12.37
13023489,14.94,40.49,998.4,12.36
13033489,14.95,40.36,998.4,12.33
13043489,14.94,40.44,998.5,12.32
13053489,14.94,40.11,998.5,12.27
13063489,14.92,40.88,998.5,12.29
13073489,14.85,41.16,998.5,12.32
13083489,14.79,41.31,998.5,12.29
13093489,14.76,41.47,998.5,12.3
13103489,14.75,41.43,998.5,12.32
13113489,14.68,41.58,998.5,12.32
13123489,14.58,42.23,998.5,12.3
13133489,14.5,42.12,998.5,12.29
13143489,14.53,41.83,998.5,12.3
13153489,14.55,41.78,998.5,12.29
13163489,14.5,42.32,998.5,12.27
13173489,14.42,42.4,998.5,12.27
13183489,14.33,42.63,998.6,12.27
13193489,14.31,42.77,998.6,12.27
13203489,14.28,42.71,998.5,12.24
13213489,14.27,42.65,998.6,12.22
13223489,14.23,42.83,998.5,12.17
13233489,14.23,42.57,998.5,12.11
13243489,14.18,42.91,998.5,12.09
13253489,14.17,42.85,998.6,12.06
13263489,14.16,42.87,998.6,12.03
13273489,14.17,42.77,998.6,12
13283489,14.18,42.75,998.5,11.98
13293489,14.17,42.72,998.5,11.95
13303489,14.16,42.89,998.6,11.93
13313489,14.14,42.85,998.6,11.91
13323489,14.14,42.87,998.6,11.88
13333489,14.16,42.89,998.6,11.85
13343489,14.13,42.84,998.6,11.81
13353489,14.13,42.87,998.6,11.78
13363489,14.13,42.84,998.6,11.75
13373489,14.14,42.85,998.5,11.71
13383489,14.14,42.85,998.6,11.71
13393489,14.16,42.84,998.6,11.7
13403489,14.16,42.7,998.6,11.67
13413489,14.16,42.61,998.6,11.63
13423489,14.14,42.92,998.6,11.62
13433489,14.12,42.83,998.6,11.59
13443489,14.09,42.88,998.6,11.56
13453489,14.09,43.02,998.6,11.51
13463489,14.06,43.1,998.6,11.43
13473489,14.05,42.7,998.6,11.37
13483489,13.99,43.53,998.6,11.36
13493489,13.95,43.51,998.6,11.33
13503489,13.9,43.51,998.6,11.32
13513489,13.91,43.19,998.6,11.31
13523489,13.93,43.38,998.7,11.29
13533489,13.95,43.4,998.7,11.28
13543489,13.91,43.3,998.6,11.28
13553489,13.9,43.64,998.7,11.32
13563489,13.88,43.74,998.6,11.35
13573489,13.84,43.85,998.7,11.37
13583489,13.82,44.04,998.7,11.39
13593489,13.79,44.01,998.6,11.42
13603489,13.76,44.24,998.7,11.43
13613489,13.76,44.11,998.6,11.43
13623489,13.75,44.11,998.6,11.42
13633489,13.76,44.01,998.7,11.43
13643489,13.79,44.08,998.7,11.43
13653489,13.77,43.72,998.7,11.46
13663489,13.77,43.98,998.7,11.46
13673489,13.77,43.95,998.6,11.5
13683489,13.76,43.9,998.7,11.51
13693489,13.79,43.85,998.7,11.51
13703489,13.83,43.67,998.7,11.5
13713489,13.86,43.72,998.7,11.48
13723489,13.9,43.62,998.7,11.46
13733489,13.96,43.37,998.7,11.44
13743489,13.93,43.53,998.7,11.42
13753489,13.9,43.75,998.7,11.39
13763489,13.88,43.67,998.7,11.37
13773489,13.9,43.62,998.7,11.35
13783489,13.87,43.8,998.7,11.31
13793489,13.84,43.78,998.7,11.25
13803489,13.84,43.77,998.7,11.22
13813489,13.83,43.88,998.7,11.2
13823489,13.77,44.08,998.7,11.17
13833489,13.75,44.15,998.8,11.11
13843489,13.77,43.77,998.7,11.07
13853489,13.77,43.93,998.7,11.04
13863489,13.75,44.11,998.7,10.97
13873489,13.76,43.8,998.8,10.97
13883489,13.79,43.87,998.7,10.97
13893489,13.77,43.96,998.7,10.97
13903489,13.76,44.01,998.7,10.96
13913489,13.75,44.03,998.7,10.97
13923489,13.72,44.06,998.7,10.97
13933489,13.72,44.01,998.8,10.97
13943489,13.73,43.91,998.7,10.97
13953489,13.72,43.88,998.7,10.97
13963489,13.68,44.05,998.7,11
13973489,13.68,43.83,998.8,11
13983489,13.66,43.38,998.7,11
13993489,13.65,43.95,998.8,11.02
14003489,13.66,44.18,998.7,11
14013489,13.68,44.11,998.7,11.02
14023489,13.66,44.28,998.8,11.02
14033489,13.68,43.97,998.8,11.02
14043489,13.69,43.93,998.7,11.03
14053489,13.69,44.01,998.7,11.1
14063489,13.68,44.06,998.8,11.14
14073489,13.65,43.92,998.8,11.21
14083489,13.64,44.06,998.8,11.26
14093489,13.65,44.09,998.8,11.28
14103489,13.73,43.86,998.8,11.22
14113489,13.83,43.64,998.8,11.1
14123489,13.82,43.87,998.8,11.02
14133489,13.82,43.75,998.8,10.97
14143489,13.82,43.78,998.8,10.97
14153489,13.77,43.91,998.8,10.97
14163489,13.73,43.98,998.8,10.97
14173489,13.71,44,998.8,10.99
14183489,13.68,43.93,998.7,10.99
14193489,13.69,43.8,998.7,11
14203489,13.69,43.92,998.8,10.97
14213489,13.71,43.96,998.8,10.99
14223489,13.72,43.95,998.8,10.99
14233489,13.77,43.77,998.7,10.97
14243489,13.9,43.57,998.8,10.96
14253489,13.91,43.48,998.7,10.97
14263489,13.93,43.56,998.8,10.97
14273489,13.91,43.53,998.7,10.99
14283489,13.87,43.16,998.8,10.97
14293489,13.82,43.64,998.8,10.97
14303489,13.77,43.84,998.7,10.99
14313489,13.76,43.88,998.8,10.99
14323489,13.71,44.01,998.8,10.99
14333489,13.68,44.19,998.8,10.97
14343489,13.65,44.24,998.8,10.97
14353489,13.64,44.23,998.8,10.97
14363489,13.58,44.42,998.8,10.97
14373489,13.53,44.69,998.8,10.99
14383489,13.46,45.12,998.8,11.02
14393489,13.43,44.97,998.8,11.02
14403489,13.36,45.29,998.8,10.99
14413489,13.35,45.18,998.8,11.03
14423489,13.35,45.26,998.8,11.06
14433489,13.33,45.17,998.7,11.08
14443489,13.36,45.05,998.8,11.1
14453489,13.37,45.07,998.7,11.08
14463489,13.33,45.23,998.7,11.04
14473489,13.35,45.22,998.8,11.04
14483489,13.33,45.23,998.8,11.03
14493489,13.36,45.04,998.7,11.04
14503489,13.37,45.14,998.8,11.03
14513489,13.37,44.91,998.7,11.06
14523489,13.43,44.85,998.7,11.07
14533489,13.46,44.83,998.7,11.07
14543489,13.46,44.91,998.7,11.06
14553489,13.44,44.84,998.8,11
14563489,13.44,44.81,998.8,10.96
14573489,13.44,44.88,998.8,10.91
14583489,13.44,44.93,998.8,10.86
14593489,13.41,45.15,998.8,10.82
14603489,13.37,45.18,998.8,10.77
14613489,13.33,45.1,998.8,10.72
14623489,13.35,45.25,998.8,10.69
14633489,13.32,45.33,998.8,10.66
14643489,13.3,45.43,998.8,10.62
14653489,13.3,45.42,998.8,10.59
14663489,13.29,45.37,998.8,10.58
14673489,13.35,45.23,998.8,10.56
14683489,13.36,45.2,998.8,10.55
14693489,13.36,45.15,998.8,10.54
14703489,13.37,45.15,998.8,10.52
14713489,13.36,45.23,998.8,10.52
14723489,13.35,45.28,998.8,10.51
14733489,13.37,45.17,998.9,10.51
14743489,13.41,45.15,998.9,10.52
14753489,13.46,44.94,998.8,10.51
14763489,13.51,44.88,998.9,10.51
14773489,13.53,44.81,998.8,10.47
14783489,13.55,44.76,998.8,10.43
14793489,13.55,44.78,998.8,10.4
14803489,13.55,44.88,998.9,10.37
14813489,13.57,44.83,998.9,10.37
14823489,13.59,44.66,998.9,10.38
14833489,13.62,44.48,998.9,10.4
14843489,13.61,44.42,998.9,10.36
14853489,13.61,44.54,998.9,10.34
14863489,13.64,44.53,998.9,10.37
14873489,13.65,44.53,998.9,10.36
14883489,13.69,44.4,998.9,10.37
14893489,13.73,44.35,998.9,10.37
14903489,13.71,44.51,999,10.37
14913489,13.69,44.39,999,10.37
14923489,13.69,44.35,999,10.36
14933489,13.72,44.15,999,10.34
14943489,13.8,44.11,999,10.36
14953489,13.84,44.01,999,10.34
14963489,13.84,44.14,999,10.34
14973489,13.8,44.09,999,10.33
14983489,13.79,44.14,999,10.34
14993489,13.77,44.22,999,10.34
15003489,13.73,44.27,999,10.34
15013489,13.73,44.3,999,10.34
15023489,13.72,44.37,999,10.36
15033489,13.69,44.38,999,10.36
15043489,13.69,44.35,999,10.34
15053489,13.69,44.32,999,10.34
15063489,13.68,44.33,999,10.33
15073489,13.68,44.41,999,10.3
15083489,13.68,44.41,999,10.33
15093489,13.72,44.19,999,10.34
15103489,13.71,44.25,999,10.38
15113489,13.71,44.3,999,10.43
15123489,13.68,44.48,999.1,10.44
15133489,13.64,44.67,999,10.44
15143489,13.59,44.61,999,10.41
15153489,13.58,44.53,999,10.4
15163489,13.55,44.56,999,10.4
15173489,13.55,44.57,999,10.37
15183489,13.55,44.68,999,10.37
15193489,13.57,44.63,999,10.34
15203489,13.54,44.76,999.1,10.34
15213489,13.54,44.88,999.1,10.34
15223489,13.51,44.89,999,10.36
15233489,13.55,44.78,999.1,10.37
15243489,13.55,44.8,999,10.36
15253489,13.54,44.83,999.1,10.41
15263489,13.53,44.81,999.1,10.44
15273489,13.5,44.91,999.1,10.44
15283489,13.47,44.96,999.1,10.47
15293489,13.48,44.94,999.1,10.48
15303489,13.48,45.01,999.1,10.48
15313489,13.51,44.84,999.1,10.48
15323489,13.51,44.86,999.1,10.47
15333489,13.53,44.86,999.1,10.47
15343489,13.46,45.04,999.1,10.47
15353489,13.4,45.2,999.1,10.47
15363489,13.37,45.23,999.1,10.47
15373489,13.36,45.25,999.1,10.45
15383489,13.37,45.25,999.1,10.44
15393489,13.39,45.22,999.2,10.41
15403489,13.39,45.17,999.1,10.4
15413489,13.39,45.26,999.1,10.4
15423489,13.39,45.18,999.2,10.37
15433489,13.39,45.07,999.1,10.37
15443489,13.41,45.09,999.1,10.36
15453489,13.43,44.97,999.1,10.34
15463489,13.44,44.34,999.1,10.33
15473489,13.46,44.6,999.1,10.31
15483489,13.46,44.17,999.1,10.31
15493489,13.46,44.78,999.2,10.3
15503489,13.43,44.76,999.2,10.29
15513489,13.4,44.83,999.1,10.31
15523489,13.39,45.17,999.2,10.34
15533489,13.39,45.11,999.1,10.37
15543489,13.36,44.85,999.2,10.38
15553489,13.35,45.04,999.2,10.34
15563489,13.35,45.17,999.2,10.31
15573489,13.32,45.02,999.1,10.3
15583489,13.32,44.54,999.2,10.3
15593489,13.32,44.73,999.2,10.33
15603489,13.32,44.68,999.2,10.33
15613489,13.33,44.97,999.2,10.33
15623489,13.33,44.57,999.2,10.33
15633489,13.37,44.77,999.2,10.31
15643489,13.39,44.8,999.2,10.3
15653489,13.4,44.4,999.2,10.31
15663489,13.4,44.01,999.2,10.33
15673489,13.4,44.8,999.3,10.33
15683489,13.36,44.99,999.3,10.31
15693489,13.33,45.15,999.2,10.31
15703489,13.32,45.23,999.2,10.36
15713489,13.26,44.98,999.3,10.4
15723489,13.25,44.48,999.2,10.49
15733489,13.22,44.86,999.2,10.59
15743489,13.21,44.19,999.3,10.65
15753489,13.26,44.33,999.3,10.73
15763489,13.32,43.9,999.3,10.75
15773489,13.33,45.12,999.3,10.78
15783489,13.28,45.47,999.3,10.78
15793489,13.24,45.56,999.3,10.78
15803489,13.22,45.66,999.3,10.79
15813489,13.19,45.55,999.3,
15823489,13.18,45.12,999.3,
15833489,13.17,45.14,999.3,
15843489,13.15,45.35,999.3,
15853489,13.14,45.28,999.3,
15863489,13.15,45.1,999.3,
15873489,13.18,45.47,999.3,
15883489,13.18,45.99,999.3,
15893489,13.14,45.91,999.3,
15903489,13.14,45.92,999.4,
15913489,13.1,45.77,999.3,
15923489,13.14,45.97,999.4,
15933489,13.14,45.99,999.4,
15943489,13.14,46.21,999.4,
15953489,13.09,46.12,999.4,
15963489,13.06,46.36,999.4,
15973489,13.06,46.44,999.4,
15983489,13.07,46.27,999.4,
15993489,13.15,46.02,999.4,
16003489,13.19,45.76,999.4,
16013489,13.26,45.36,999.4,
16023489,13.35,45.38,999.4,
16033489,13.4,45.4,999.4,
16043489,13.47,45.17,999.4,
16053489,13.44,45.57,999.4,
16063489,13.41,45.55,999.4,
16073489,13.43,45.31,999.4,
16083489,13.48,45.01,999.4,
16093489,13.5,44.93,999.4,
16103489,13.5,45.12,999.4,
16113489,13.47,45.24,999.4,
16123489,13.46,45.09,999.4,
16133489,13.44,45.02,999.4,
16143489,13.46,45.12,999.4,
16153489,13.43,45.18,999.5,
16163489,13.4,45.35,999.5,
16173489,13.37,45.44,999.4,
16183489,13.37,45.43,999.4,
16193489,13.35,44.91,999.4,
16203489,13.32,44.81,999.5,
16213489,13.3,45.02,999.5,
16223489,13.26,45.66,999.5,
16233489,13.25,45.84,999.5,
16243489,13.22,45.91,999.5,
16253489,13.21,45.89,999.5,
16263489,13.19,45.99,999.5,
16273489,13.18,45.57,999.4,
16283489,13.18,45.59,999.5,
16293489,13.22,45.66,999.5,
16303489,13.28,45.49,999.4,
16313489,13.28,45.53,999.5,
16323489,13.29,45.35,999.4,
16333489,13.26,45.79,999.5,
16343489,13.22,46.07,999.4,
16353489,13.18,46.23,999.5,
16363489,13.06,46.81,999.5,
16373489,12.96,47.11,999.5,
16383489,12.89,47.52,999.4,
16393489,12.81,47.55,999.5,
16403489,12.76,47.79,999.5,
16413489,12.72,47.72,999.5,
16423489,12.7,47.58,999.5,
16433489,12.66,47.82,999.4,
16443489,12.65,47.79,999.5,
16453489,12.63,47.85,999.4,
16463489,12.63,47.79,999.5,
16473489,12.62,47.7,999.5,
16483489,12.59,47.96,999.5,
16493489,12.58,47.8,999.5,
16503489,12.58,48.09,999.5,
16513489,12.55,47.55,999.5,
16523489,12.5,48.54,999.5,
16533489,12.43,48.78,999.5,
16543489,12.41,48.65,999.5,
16553489,12.41,48.73,999.5,
16563489,12.41,48.62,999.5,
16573489,12.39,48.9,999.5,
16583489,12.39,48.93,999.5,
16593489,12.37,49,999.5,
16603489,12.37,48.77,999.5,
16613489,12.37,48.99,999.5,
16623489,12.36,48.12,999.5,
16633489,12.33,47.82,999.5,
16643489,12.32,48.91,999.5,
16653489,12.27,49.29,999.5,
16663489,12.29,49.22,999.5,
16673489,12.32,49.17,999.5,
16683489,12.29,49.06,999.5,
16693489,12.3,49.04,999.5,
16703489,12.32,49.09,999.5,
16713489,12.32,49.02,999.4,
16723489,12.3,48.69,999.5,
16733489,12.29,49.02,999.5,
16743489,12.3,49.06,999.5,
16753489,12.29,49.16,999.5,
16763489,12.27,49.17,999.5,
16773489,12.27,49,999.5,
16783489,12.27,48.93,999.5,
16793489,12.27,48.86,999.5,
16803489,12.24,48.2,999.5,
16813489,12.22,49.11,999.5,
16823489,12.17,49.6,999.5,
16833489,12.11,49.91,999.5,
16843489,12.09,49.98,999.5,
16853489,12.06,49.99,999.5,
16863489,12.03,50.1,999.4,
16873489,12,50.44,999.5,
16883489,11.98,50.58,999.4,
16893489,11.95,50.7,999.5,
16903489,11.93,50.75,999.5,
16913489,11.91,50.77,999.5,
16923489,11.88,51.08,999.5,
16933489,11.85,50.94,999.5,
16943489,11.81,51.27,999.5,
16953489,11.78,51.31,999.5,
16963489,11.75,51.85,999.5,
16973489,11.71,52,999.5,
16983489,11.71,52.64,999.5,
16993489,11.7,52.7,999.5,
17003489,11.67,52.68,999.5,
17013489,11.63,52.95,999.5,
17023489,11.62,52.94,999.5,
17033489,11.59,53.12,999.5,
17043489,11.56,53.19,999.5,
17053489,11.51,53.22,999.5,
17063489,11.43,53.48,999.5,
17073489,11.37,53.75,999.5,
17083489,11.36,53.92,999.5,
17093489,11.33,54.19,999.5,
17103489,11.32,54.31,999.5,
17113489,11.31,54.31,999.5,
17123489,11.29,54.35,999.5,
17133489,11.28,54.27,999.5,
17143489,11.28,54.14,999.5,
17153489,11.32,53.92,999.5,
17163489,11.35,53.81,999.5,
17173489,11.37,53.83,999.5,
17183489,11.39,53.65,999.5,
17193489,11.42,53.53,999.5,
17203489,11.43,53.42,999.5,
17213489,11.43,53.44,999.5,
17223489,11.42,53.53,999.5,
17233489,11.43,53.43,999.5,
17243489,11.43,53.49,999.5,
17253489,11.46,53.17,999.6,
17263489,11.46,53.1,999.5,
17273489,11.5,53,999.6,
17283489,11.51,52.94,999.5,
17293489,11.51,52.61,999.6,
17303489,11.5,52.87,999.5,
17313489,11.48,53.04,999.6,
17323489,11.46,53.19,999.6,
17333489,11.44,53.41,999.6,
17343489,11.42,53.42,999.6,
17353489,11.39,53.46,999.6,
17363489,11.37,53.58,999.6,
17373489,11.35,53.55,999.6,
17383489,11.31,53.87,999.6,
17393489,11.25,54.23,999.6,
17403489,11.22,54.33,999.6,
17413489,11.2,54.58,999.7,
17423489,11.17,54.81,999.6,
17433489,11.11,55.09,999.7,
17443489,11.07,55.18,999.6,
17453489,11.04,55.38,999.7,
17463489,10.97,55.55,999.7,
17473489,10.97,55.53,999.7,
17483489,10.97,55.53,999.7,
17493489,10.97,55.68,999.7,
17503489,10.96,55.4,999.6,
17513489,10.97,55.21,999.7,
17523489,10.97,55.03,999.7,
17533489,10.97,55.2,999.7,
17543489,10.97,55.08,999.7,
17553489,10.97,54.31,999.7,
17563489,11,52.49,999.7,
17573489,11,52.13,999.7,
17583489,11,52.34,999.7,
17593489,11.02,52.56,999.7,
17603489,11,53.2,999.7,
17613489,11.02,54.63,999.7,
17623489,11.02,54.26,999.7,
17633489,11.02,53.2,999.7,
17643489,11.03,53.02,999.7,
17653489,11.1,53.44,999.7,
17663489,11.14,53.23,999.8,
17673489,11.21,53.49,999.8,
17683489,11.26,53.46,999.8,
17693489,11.28,53.49,999.8,
17703489,11.22,54.15,999.8,
17713489,11.1,54.68,999.8,
17723489,11.02,55.08,999.8,
17733489,10.97,55.32,999.8,
17743489,10.97,55.03,999.8,
17753489,10.97,55.01,999.8,
17763489,10.97,54.99,999.9,
17773489,10.99,55.01,999.8,
17783489,10.99,54.9,999.8,
17793489,11,55.04,999.9,
17803489,10.97,55.08,999.8,
17813489,10.99,55.13,999.9,
17823489,10.99,55.12,999.9,
17833489,10.97,55.09,999.9,
17843489,10.96,54.76,999.9,
17853489,10.97,54.84,999.9,
17863489,10.97,54.73,999.9,
17873489,10.99,54.85,999.9,
17883489,10.97,54.73,999.9,
17893489,10.97,54.79,999.9,
17903489,10.99,54.74,999.9,
17913489,10.99,54.94,1000,
17923489,10.99,54.98,999.9,
17933489,10.97,54.74,999.9,
17943489,10.97,54.73,999.9,
17953489,10.97,54.84,999.9,
17963489,10.97,54.74,1000,
17973489,10.99,54.73,1000,
17983489,11.02,54.7,1000,
17993489,11.02,54.92,1000,
18003489,10.99,54.55,1000,
18013489,11.03,54.37,1000,
18023489,11.06,54.05,1000,
18033489,11.08,54.04,1000,
18043489,11.1,53.6,1000.1,
18053489,11.08,54.34,1000.1,
18063489,11.04,54.49,1000.1,
18073489,11.04,54.52,1000.1,
18083489,11.03,54.44,1000.1,
18093489,11.04,54.44,1000.1,
18103489,11.03,54.29,1000.1,
18113489,11.06,54.47,1000.1,
18123489,11.07,54.49,1000.1,
18133489,11.07,54.45,1000.1,
18143489,11.06,54.53,1000.1,
18153489,11,54.68,1000.1,
18163489,10.96,54.98,1000.1,
18173489,10.91,55.09,1000.1,
18183489,10.86,55.26,1000.2,
18193489,10.82,55.52,1000.2,
18203489,10.77,55.92,1000.1,
18213489,10.72,56.16,1000.2,
18223489,10.69,56.43,1000.2,
18233489,10.66,56.59,1000.2,
18243489,10.62,56.62,1000.2,
18253489,10.59,56.67,1000.1,
18263489,10.58,56.85,1000.1,
18273489,10.56,56.72,1000.2,
18283489,10.55,56.86,1000.2,
18293489,10.54,56.9,1000.2,
18303489,10.52,56.53,1000.2,
18313489,10.52,56.65,1000.2,
18323489,10.51,56.73,1000.2,
18333489,10.51,56.38,1000.2,
18343489,10.52,55.62,1000.1,
18353489,10.51,56.31,1000.1,
18363489,10.51,56.74,1000.2,
18373489,10.47,56.81,1000.1,
18383489,10.43,57.1,1000.1,
18393489,10.4,57.26,1000.1,
18403489,10.37,57.38,1000.2,
18413489,10.37,57.29,1000.2,
18423489,10.38,57.26,1000.2,
18433489,10.4,56.88,1000.2,
18443489,10.36,57.38,1000.2,
18453489,10.34,57.44,1000.2,
18463489,10.37,57.51,1000.2,
18473489,10.36,57.42,1000.2,
18483489,10.37,57.47,1000.2,
18493489,10.37,57.52,1000.2,
18503489,10.37,57.51,1000.2,
18513489,10.37,57.67,1000.2,
18523489,10.36,57.62,1000.2,
18533489,10.34,57.57,1000.2,
18543489,10.36,57.64,1000.2,
18553489,10.34,57.66,1000.2,
18563489,10.34,57.51,1000.2,
18573489,10.33,57.51,1000.2,
18583489,10.34,57.46,1000.2,
18593489,10.34,57.43,1000.2,
18603489,10.34,57.31,1000.2,
18613489,10.34,57.19,1000.2,
18623489,10.36,57.28,1000.2,
18633489,10.36,57.38,1000.2,
18643489,10.34,57.4,1000.2,
18653489,10.34,57.42,1000.3,
18663489,10.33,57.42,1000.2,
18673489,10.3,57.5,1000.2,
18683489,10.33,57.59,1000.3,
18693489,10.34,57.57,1000.2,
18703489,10.38,57.47,1000.2,
18713489,10.43,57.38,1000.2,
18723489,10.44,57.35,1000.2,
18733489,10.44,57.22,1000.3,
18743489,10.41,57.29,1000.3,
18753489,10.4,57.28,1000.2,
18763489,10.4,57.47,1000.3,
18773489,10.37,57.33,1000.3,
18783489,10.37,57.28,1000.3,
18793489,10.34,57.47,1000.3,
18803489,10.34,57.39,1000.3,
18813489,10.34,57.38,1000.3,
18823489,10.36,57.33,1000.3,
18833489,10.37,56.98,1000.3,
18843489,10.36,56.88,1000.3,
18853489,10.41,56.98,1000.3,
18863489,10.44,56.67,1000.3,
18873489,10.44,56.74,1000.3,
18883489,10.47,56.69,1000.3,
18893489,10.48,56.57,1000.3,
18903489,10.48,56.15,1000.3,
18913489,10.48,56.19,1000.3,
18923489,10.47,55.18,1000.3,
18933489,10.47,55.38,1000.3,
18943489,10.47,56.33,1000.3,
18953489,10.47,56.21,1000.4,
18963489,10.47,56.4,1000.4,
18973489,10.45,56.74,1000.3,
18983489,10.44,56.31,1000.3,
18993489,10.41,56.29,1000.4,
19003489,10.4,56.57,1000.4,
19013489,10.4,56.83,1000.4,
19023489,10.37,57.06,1000.4,
19033489,10.37,57.2,1000.4,
19043489,10.36,57.23,1000.4,
19053489,10.34,57.26,1000.4,
19063489,10.33,57.33,1000.4,
19073489,10.31,57.33,1000.4,
19083489,10.31,57.31,1000.4,
19093489,10.3,57.33,1000.4,
19103489,10.29,57.42,1000.4,
19113489,10.31,57.29,1000.4,
19123489,10.34,57.07,1000.4,
19133489,10.37,56.86,1000.4,
19143489,10.38,56.57,1000.4,
19153489,10.34,57.23,1000.4,
19163489,10.31,57.38,1000.4,
19173489,10.3,57.43,1000.4,
19183489,10.3,57.23,1000.4,
19193489,10.33,57.1,1000.4,
19203489,10.33,56.5,1000.4,
19213489,10.33,56.11,1000.4,
19223489,10.33,56.53,1000.3,
19233489,10.31,56.93,1000.4,
19243489,10.3,56.4,1000.4,
19253489,10.31,56.83,1000.4,
19263489,10.33,56.78,1000.4,
19273489,10.33,56.72,1000.4,
19283489,10.31,57.33,1000.4,
19293489,10.31,57.07,1000.4,
19303489,10.36,57.07,1000.4,
19313489,10.4,56.82,1000.4,
19323489,10.49,55.93,1000.4,
19333489,10.59,55.76,1000.4,
19343489,10.65,55.48,1000.4,
19353489,10.73,54.93,1000.4,
19363489,10.75,54.65,1000.4,
19373489,10.78,55.03,1000.4,
19383489,10.78,54.53,1000.4,
19393489,10.78,54.41,1000.4,
19403489,10.79,54.12,1000.4,